{"tag_vocab": ["<START>", "<STOP>", "UNK", "IN", "DT", "NNP", "CD", "NN", "``", "''", "POS", "-LRB-", "VBN", "NNS", "VBP", ",", "CC", "-RRB-", "VBD", "RB", "TO", ".", "VBZ", "NNPS", "PRP", "PRP$", "VB", "JJ", "MD", "VBG", "RBR", ":", "WP", "WDT", "JJR", "PDT", "RBS", "WRB", "JJS", "$", "RP", "FW", "EX", "SYM", "#", "LS", "UH", "WP$"], "label_vocab": [[], ["S"], ["PP"], ["NP"], ["PRN"], ["VP"], ["ADVP"], ["SBAR", "S"], ["ADJP"], ["QP"], ["UCP"], ["S", "VP"], ["SBAR"], ["WHNP"], ["SINV"], ["FRAG"], ["NAC"], ["WHADVP"], ["NP", "QP"], ["PRT"], ["S", "PP"], ["S", "NP"], ["NX"], ["S", "ADJP"], ["WHPP"], ["SBAR", "S", "VP"], ["SBAR", "SINV"], ["SQ"], ["NP", "NP"], ["SBARQ"], ["SQ", "VP"], ["CONJP"], ["ADJP", "QP"], ["FRAG", "NP"], ["FRAG", "ADJP"], ["WHADJP"], ["ADJP", "ADJP"], ["FRAG", "PP"], ["S", "ADVP"], ["FRAG", "SBAR"], ["PRN", "S"], ["PRN", "S", "VP"], ["INTJ"], ["X"], ["NP", "NP", "NP"], ["FRAG", "S", "VP"], ["ADVP", "ADVP"], ["RRC"], ["VP", "PP"], ["VP", "VP"], ["SBAR", "FRAG"], ["ADVP", "ADJP"], ["LST"], ["NP", "NP", "QP"], ["PRN", "SBAR"], ["VP", "S", "VP"], ["S", "UCP"], ["FRAG", "WHNP"], ["NP", "PP"], ["NP", "SBAR", "S", "VP"], ["WHNP", "QP"], ["VP", "FRAG", "ADJP"], ["FRAG", "WHADVP"], ["NP", "ADJP"], ["VP", "SBAR"], ["NP", "S", "VP"], ["X", "PP"], ["S", "VP", "VP"], ["S", "VP", "ADVP"], ["WHNP", "WHNP"], ["NX", "NX"], ["FRAG", "ADVP"], ["FRAG", "VP"], ["VP", "ADVP"], ["SBAR", "WHNP"], ["FRAG", "SBARQ"], ["PP", "PP"], ["PRN", "PP"], ["VP", "NP"], ["X", "NP"], ["PRN", "SINV"], ["NP", "SBAR"], ["PP", "NP"], ["NP", "INTJ"], ["FRAG", "INTJ"], ["X", "VP"], ["PRN", "NP"], ["FRAG", "UCP"], ["NP", "ADVP"], ["SBAR", "SBARQ"], ["SBAR", "SBAR", "S"], ["SBARQ", "WHADVP"], ["ADVP", "PRT"], ["UCP", "ADJP"], ["PRN", "FRAG", "WHADJP"], ["FRAG", "S"], ["S", "S"], ["FRAG", "S", "ADJP"], ["INTJ", "S"], ["ADJP", "NP"], ["X", "ADVP"], ["FRAG", "WHPP"], ["NP", "FRAG"], ["NX", "QP"], ["NP", "S"], ["SBAR", "WHADVP"], ["X", "SBARQ"], ["NP", "PRN"], ["NX", "S", "VP"], ["NX", "S"], ["UCP", "PP"], ["RRC", "VP"], ["ADJP", "ADVP"]], "language_code": "en", "provides_tags": true, "bert_do_lower_case": true}